<?xml version="1.0" encoding="utf-8"?>
<rss version="2.0" xml:base="https://mysmartdna.bupa.co.uk/hsf/"  xmlns:dc="https://purl.org/dc/elements/1.1/">
<channel>
<title>Members pavlok Live</title>
<link>https://mysmartdna.bupa.co.uk/hsf/</link>
<description></description>
<item><title> 	 watch gcbyv gfdg sfsd livesfsdgfd stream</title><link>	https://mysmartdna.bupa.co.uk/hsf/video-cl-ch-liv-901.html	</link><description>&lt;div class=&quot;field field-name-field-date field-type-datetime field-label-above;/div&gt;</description><dc:creator>royal</dc:creator><guid isPermaLink="false">13584 at 	https://mysmartdna.bupa.co.uk/hsf/video-cl-ch-liv-901.html	</guid></item>
<item><title> 	 watch gcbyv gfdg sfsd livesfsdgfd stream</title><link>	https://mysmartdna.bupa.co.uk/hsf/video-cl-ch-liv-902.html	</link><description>&lt;div class=&quot;field field-name-field-date field-type-datetime field-label-above;/div&gt;</description><dc:creator>royal</dc:creator><guid isPermaLink="false">13584 at 	https://mysmartdna.bupa.co.uk/hsf/video-cl-ch-liv-902.html	</guid></item>
<item><title> 	 watch gcbyv gfdg sfsd livesfsdgfd stream</title><link>	https://mysmartdna.bupa.co.uk/hsf/video-cl-ch-liv-903.html	</link><description>&lt;div class=&quot;field field-name-field-date field-type-datetime field-label-above;/div&gt;</description><dc:creator>royal</dc:creator><guid isPermaLink="false">13584 at 	https://mysmartdna.bupa.co.uk/hsf/video-cl-ch-liv-903.html	</guid></item>
<item><title> 	 watch gcbyv gfdg sfsd livesfsdgfd stream</title><link>	https://mysmartdna.bupa.co.uk/hsf/video-ch-cl-liv-901.html	</link><description>&lt;div class=&quot;field field-name-field-date field-type-datetime field-label-above;/div&gt;</description><dc:creator>royal</dc:creator><guid isPermaLink="false">13584 at 	https://mysmartdna.bupa.co.uk/hsf/video-ch-cl-liv-901.html	</guid></item>
<item><title> 	 watch gcbyv gfdg sfsd livesfsdgfd stream</title><link>	https://mysmartdna.bupa.co.uk/hsf/video-ch-cl-liv-902.html	</link><description>&lt;div class=&quot;field field-name-field-date field-type-datetime field-label-above;/div&gt;</description><dc:creator>royal</dc:creator><guid isPermaLink="false">13584 at 	https://mysmartdna.bupa.co.uk/hsf/video-ch-cl-liv-902.html	</guid></item>
<item><title> 	 watch gcbyv gfdg sfsd livesfsdgfd stream</title><link>	https://mysmartdna.bupa.co.uk/hsf/video-ch-cl-liv-903.html	</link><description>&lt;div class=&quot;field field-name-field-date field-type-datetime field-label-above;/div&gt;</description><dc:creator>royal</dc:creator><guid isPermaLink="false">13584 at 	https://mysmartdna.bupa.co.uk/hsf/video-ch-cl-liv-903.html	</guid></item>
<item><title> 	 watch gcbyv gfdg sfsd livesfsdgfd stream</title><link>	https://mysmartdna.bupa.co.uk/hsf/video-mo-ma-liv-901.html	</link><description>&lt;div class=&quot;field field-name-field-date field-type-datetime field-label-above;/div&gt;</description><dc:creator>royal</dc:creator><guid isPermaLink="false">13584 at 	https://mysmartdna.bupa.co.uk/hsf/video-mo-ma-liv-901.html	</guid></item>
<item><title> 	 watch gcbyv gfdg sfsd livesfsdgfd stream</title><link>	https://mysmartdna.bupa.co.uk/hsf/video-mo-ma-liv-902.html	</link><description>&lt;div class=&quot;field field-name-field-date field-type-datetime field-label-above;/div&gt;</description><dc:creator>royal</dc:creator><guid isPermaLink="false">13584 at 	https://mysmartdna.bupa.co.uk/hsf/video-mo-ma-liv-902.html	</guid></item>
<item><title> 	 watch gcbyv gfdg sfsd livesfsdgfd stream</title><link>	https://mysmartdna.bupa.co.uk/hsf/video-mo-ma-liv-903.html	</link><description>&lt;div class=&quot;field field-name-field-date field-type-datetime field-label-above;/div&gt;</description><dc:creator>royal</dc:creator><guid isPermaLink="false">13584 at 	https://mysmartdna.bupa.co.uk/hsf/video-mo-ma-liv-903.html	</guid></item>
<item><title> 	 watch gcbyv gfdg sfsd livesfsdgfd stream</title><link>	https://mysmartdna.bupa.co.uk/hsf/video-ma-mo-liv-901.html	</link><description>&lt;div class=&quot;field field-name-field-date field-type-datetime field-label-above;/div&gt;</description><dc:creator>royal</dc:creator><guid isPermaLink="false">13584 at 	https://mysmartdna.bupa.co.uk/hsf/video-ma-mo-liv-901.html	</guid></item>
<item><title> 	 watch gcbyv gfdg sfsd livesfsdgfd stream</title><link>	https://mysmartdna.bupa.co.uk/hsf/video-ma-mo-liv-902.html	</link><description>&lt;div class=&quot;field field-name-field-date field-type-datetime field-label-above;/div&gt;</description><dc:creator>royal</dc:creator><guid isPermaLink="false">13584 at 	https://mysmartdna.bupa.co.uk/hsf/video-ma-mo-liv-902.html	</guid></item>
<item><title> 	 watch gcbyv gfdg sfsd livesfsdgfd stream</title><link>	https://mysmartdna.bupa.co.uk/hsf/video-ma-mo-liv-903.html	</link><description>&lt;div class=&quot;field field-name-field-date field-type-datetime field-label-above;/div&gt;</description><dc:creator>royal</dc:creator><guid isPermaLink="false">13584 at 	https://mysmartdna.bupa.co.uk/hsf/video-ma-mo-liv-903.html	</guid></item>
<item><title> 	 watch gcbyv gfdg sfsd livesfsdgfd stream</title><link>	https://mysmartdna.bupa.co.uk/hsf/video-fo-st-liv-901.html	</link><description>&lt;div class=&quot;field field-name-field-date field-type-datetime field-label-above;/div&gt;</description><dc:creator>royal</dc:creator><guid isPermaLink="false">13584 at 	https://mysmartdna.bupa.co.uk/hsf/video-fo-st-liv-901.html	</guid></item>
<item><title> 	 watch gcbyv gfdg sfsd livesfsdgfd stream</title><link>	https://mysmartdna.bupa.co.uk/hsf/video-fo-st-liv-902.html	</link><description>&lt;div class=&quot;field field-name-field-date field-type-datetime field-label-above;/div&gt;</description><dc:creator>royal</dc:creator><guid isPermaLink="false">13584 at 	https://mysmartdna.bupa.co.uk/hsf/video-fo-st-liv-902.html	</guid></item>
<item><title> 	 watch gcbyv gfdg sfsd livesfsdgfd stream</title><link>	https://mysmartdna.bupa.co.uk/hsf/video-fo-st-liv-903.html	</link><description>&lt;div class=&quot;field field-name-field-date field-type-datetime field-label-above;/div&gt;</description><dc:creator>royal</dc:creator><guid isPermaLink="false">13584 at 	https://mysmartdna.bupa.co.uk/hsf/video-fo-st-liv-903.html	</guid></item>
<item><title> 	 watch gcbyv gfdg sfsd livesfsdgfd stream</title><link>	https://mysmartdna.bupa.co.uk/hsf/video-st-fo-liv-901.html	</link><description>&lt;div class=&quot;field field-name-field-date field-type-datetime field-label-above;/div&gt;</description><dc:creator>royal</dc:creator><guid isPermaLink="false">13584 at 	https://mysmartdna.bupa.co.uk/hsf/video-st-fo-liv-901.html	</guid></item>
<item><title> 	 watch gcbyv gfdg sfsd livesfsdgfd stream</title><link>	https://mysmartdna.bupa.co.uk/hsf/video-st-fo-liv-902.html	</link><description>&lt;div class=&quot;field field-name-field-date field-type-datetime field-label-above;/div&gt;</description><dc:creator>royal</dc:creator><guid isPermaLink="false">13584 at 	https://mysmartdna.bupa.co.uk/hsf/video-st-fo-liv-902.html	</guid></item>
<item><title> 	 watch gcbyv gfdg sfsd livesfsdgfd stream</title><link>	https://mysmartdna.bupa.co.uk/hsf/video-st-fo-liv-903.html	</link><description>&lt;div class=&quot;field field-name-field-date field-type-datetime field-label-above;/div&gt;</description><dc:creator>royal</dc:creator><guid isPermaLink="false">13584 at 	https://mysmartdna.bupa.co.uk/hsf/video-st-fo-liv-903.html	</guid></item>
<item><title> 	 watch gcbyv gfdg sfsd livesfsdgfd stream</title><link>	https://mysmartdna.bupa.co.uk/hsf/video-so-ri-liv-901.html	</link><description>&lt;div class=&quot;field field-name-field-date field-type-datetime field-label-above;/div&gt;</description><dc:creator>royal</dc:creator><guid isPermaLink="false">13584 at 	https://mysmartdna.bupa.co.uk/hsf/video-so-ri-liv-901.html	</guid></item>
<item><title> 	 watch gcbyv gfdg sfsd livesfsdgfd stream</title><link>	https://mysmartdna.bupa.co.uk/hsf/video-so-ri-liv-902.html	</link><description>&lt;div class=&quot;field field-name-field-date field-type-datetime field-label-above;/div&gt;</description><dc:creator>royal</dc:creator><guid isPermaLink="false">13584 at 	https://mysmartdna.bupa.co.uk/hsf/video-so-ri-liv-902.html	</guid></item>
<item><title> 	 watch gcbyv gfdg sfsd livesfsdgfd stream</title><link>	https://mysmartdna.bupa.co.uk/hsf/video-so-ri-liv-903.html	</link><description>&lt;div class=&quot;field field-name-field-date field-type-datetime field-label-above;/div&gt;</description><dc:creator>royal</dc:creator><guid isPermaLink="false">13584 at 	https://mysmartdna.bupa.co.uk/hsf/video-so-ri-liv-903.html	</guid></item>
<item><title> 	 watch gcbyv gfdg sfsd livesfsdgfd stream</title><link>	https://mysmartdna.bupa.co.uk/hsf/video-ri-so-liv-901.html	</link><description>&lt;div class=&quot;field field-name-field-date field-type-datetime field-label-above;/div&gt;</description><dc:creator>royal</dc:creator><guid isPermaLink="false">13584 at 	https://mysmartdna.bupa.co.uk/hsf/video-ri-so-liv-901.html	</guid></item>
<item><title> 	 watch gcbyv gfdg sfsd livesfsdgfd stream</title><link>	https://mysmartdna.bupa.co.uk/hsf/video-ri-so-liv-902.html	</link><description>&lt;div class=&quot;field field-name-field-date field-type-datetime field-label-above;/div&gt;</description><dc:creator>royal</dc:creator><guid isPermaLink="false">13584 at 	https://mysmartdna.bupa.co.uk/hsf/video-ri-so-liv-902.html	</guid></item>
<item><title> 	 watch gcbyv gfdg sfsd livesfsdgfd stream</title><link>	https://mysmartdna.bupa.co.uk/hsf/video-ri-so-liv-903.html	</link><description>&lt;div class=&quot;field field-name-field-date field-type-datetime field-label-above;/div&gt;</description><dc:creator>royal</dc:creator><guid isPermaLink="false">13584 at 	https://mysmartdna.bupa.co.uk/hsf/video-ri-so-liv-903.html	</guid></item>
<item><title> 	 watch gcbyv gfdg sfsd livesfsdgfd stream</title><link>	https://mysmartdna.bupa.co.uk/hsf/video-ma-st-liv-901.html	</link><description>&lt;div class=&quot;field field-name-field-date field-type-datetime field-label-above;/div&gt;</description><dc:creator>royal</dc:creator><guid isPermaLink="false">13584 at 	https://mysmartdna.bupa.co.uk/hsf/video-ma-st-liv-901.html	</guid></item>
<item><title> 	 watch gcbyv gfdg sfsd livesfsdgfd stream</title><link>	https://mysmartdna.bupa.co.uk/hsf/video-ma-st-liv-902.html	</link><description>&lt;div class=&quot;field field-name-field-date field-type-datetime field-label-above;/div&gt;</description><dc:creator>royal</dc:creator><guid isPermaLink="false">13584 at 	https://mysmartdna.bupa.co.uk/hsf/video-ma-st-liv-902.html	</guid></item>
<item><title> 	 watch gcbyv gfdg sfsd livesfsdgfd stream</title><link>	https://mysmartdna.bupa.co.uk/hsf/video-ma-st-liv-903.html	</link><description>&lt;div class=&quot;field field-name-field-date field-type-datetime field-label-above;/div&gt;</description><dc:creator>royal</dc:creator><guid isPermaLink="false">13584 at 	https://mysmartdna.bupa.co.uk/hsf/video-ma-st-liv-903.html	</guid></item>
<item><title> 	 watch gcbyv gfdg sfsd livesfsdgfd stream</title><link>	https://mysmartdna.bupa.co.uk/hsf/video-st-ma-liv-901.html	</link><description>&lt;div class=&quot;field field-name-field-date field-type-datetime field-label-above;/div&gt;</description><dc:creator>royal</dc:creator><guid isPermaLink="false">13584 at 	https://mysmartdna.bupa.co.uk/hsf/video-st-ma-liv-901.html	</guid></item>
<item><title> 	 watch gcbyv gfdg sfsd livesfsdgfd stream</title><link>	https://mysmartdna.bupa.co.uk/hsf/video-st-ma-liv-902.html	</link><description>&lt;div class=&quot;field field-name-field-date field-type-datetime field-label-above;/div&gt;</description><dc:creator>royal</dc:creator><guid isPermaLink="false">13584 at 	https://mysmartdna.bupa.co.uk/hsf/video-st-ma-liv-902.html	</guid></item>
<item><title> 	 watch gcbyv gfdg sfsd livesfsdgfd stream</title><link>	https://mysmartdna.bupa.co.uk/hsf/video-st-ma-liv-903.html	</link><description>&lt;div class=&quot;field field-name-field-date field-type-datetime field-label-above;/div&gt;</description><dc:creator>royal</dc:creator><guid isPermaLink="false">13584 at 	https://mysmartdna.bupa.co.uk/hsf/video-st-ma-liv-903.html	</guid></item>
<item><title> 	 watch gcbyv gfdg sfsd livesfsdgfd stream</title><link>	https://mysmartdna.bupa.co.uk/hsf/video-co-le-liv-901.html	</link><description>&lt;div class=&quot;field field-name-field-date field-type-datetime field-label-above;/div&gt;</description><dc:creator>royal</dc:creator><guid isPermaLink="false">13584 at 	https://mysmartdna.bupa.co.uk/hsf/video-co-le-liv-901.html	</guid></item>
<item><title> 	 watch gcbyv gfdg sfsd livesfsdgfd stream</title><link>	https://mysmartdna.bupa.co.uk/hsf/video-co-le-liv-902.html	</link><description>&lt;div class=&quot;field field-name-field-date field-type-datetime field-label-above;/div&gt;</description><dc:creator>royal</dc:creator><guid isPermaLink="false">13584 at 	https://mysmartdna.bupa.co.uk/hsf/video-co-le-liv-902.html	</guid></item>
<item><title> 	 watch gcbyv gfdg sfsd livesfsdgfd stream</title><link>	https://mysmartdna.bupa.co.uk/hsf/video-co-le-liv-903.html	</link><description>&lt;div class=&quot;field field-name-field-date field-type-datetime field-label-above;/div&gt;</description><dc:creator>royal</dc:creator><guid isPermaLink="false">13584 at 	https://mysmartdna.bupa.co.uk/hsf/video-co-le-liv-903.html	</guid></item>
<item><title> 	 watch gcbyv gfdg sfsd livesfsdgfd stream</title><link>	https://mysmartdna.bupa.co.uk/hsf/video-le-co-liv-901.html	</link><description>&lt;div class=&quot;field field-name-field-date field-type-datetime field-label-above;/div&gt;</description><dc:creator>royal</dc:creator><guid isPermaLink="false">13584 at 	https://mysmartdna.bupa.co.uk/hsf/video-le-co-liv-901.html	</guid></item>
<item><title> 	 watch gcbyv gfdg sfsd livesfsdgfd stream</title><link>	https://mysmartdna.bupa.co.uk/hsf/video-le-co-liv-902.html	</link><description>&lt;div class=&quot;field field-name-field-date field-type-datetime field-label-above;/div&gt;</description><dc:creator>royal</dc:creator><guid isPermaLink="false">13584 at 	https://mysmartdna.bupa.co.uk/hsf/video-le-co-liv-902.html	</guid></item>
<item><title> 	 watch gcbyv gfdg sfsd livesfsdgfd stream</title><link>	https://mysmartdna.bupa.co.uk/hsf/video-le-co-liv-903.html	</link><description>&lt;div class=&quot;field field-name-field-date field-type-datetime field-label-above;/div&gt;</description><dc:creator>royal</dc:creator><guid isPermaLink="false">13584 at 	https://mysmartdna.bupa.co.uk/hsf/video-le-co-liv-903.html	</guid></item>
<item><title> 	 watch gcbyv gfdg sfsd livesfsdgfd stream</title><link>	https://mysmartdna.bupa.co.uk/hsf/video-to-st-liv-901.html	</link><description>&lt;div class=&quot;field field-name-field-date field-type-datetime field-label-above;/div&gt;</description><dc:creator>royal</dc:creator><guid isPermaLink="false">13584 at 	https://mysmartdna.bupa.co.uk/hsf/video-to-st-liv-901.html	</guid></item>
<item><title> 	 watch gcbyv gfdg sfsd livesfsdgfd stream</title><link>	https://mysmartdna.bupa.co.uk/hsf/video-to-st-liv-902.html	</link><description>&lt;div class=&quot;field field-name-field-date field-type-datetime field-label-above;/div&gt;</description><dc:creator>royal</dc:creator><guid isPermaLink="false">13584 at 	https://mysmartdna.bupa.co.uk/hsf/video-to-st-liv-902.html	</guid></item>
<item><title> 	 watch gcbyv gfdg sfsd livesfsdgfd stream</title><link>	https://mysmartdna.bupa.co.uk/hsf/video-to-st-liv-903.html	</link><description>&lt;div class=&quot;field field-name-field-date field-type-datetime field-label-above;/div&gt;</description><dc:creator>royal</dc:creator><guid isPermaLink="false">13584 at 	https://mysmartdna.bupa.co.uk/hsf/video-to-st-liv-903.html	</guid></item>
<item><title> 	 watch gcbyv gfdg sfsd livesfsdgfd stream</title><link>	https://mysmartdna.bupa.co.uk/hsf/video-st-to-liv-901.html	</link><description>&lt;div class=&quot;field field-name-field-date field-type-datetime field-label-above;/div&gt;</description><dc:creator>royal</dc:creator><guid isPermaLink="false">13584 at 	https://mysmartdna.bupa.co.uk/hsf/video-st-to-liv-901.html	</guid></item>
<item><title> 	 watch gcbyv gfdg sfsd livesfsdgfd stream</title><link>	https://mysmartdna.bupa.co.uk/hsf/video-st-to-liv-902.html	</link><description>&lt;div class=&quot;field field-name-field-date field-type-datetime field-label-above;/div&gt;</description><dc:creator>royal</dc:creator><guid isPermaLink="false">13584 at 	https://mysmartdna.bupa.co.uk/hsf/video-st-to-liv-902.html	</guid></item>
<item><title> 	 watch gcbyv gfdg sfsd livesfsdgfd stream</title><link>	https://mysmartdna.bupa.co.uk/hsf/video-st-to-liv-903.html	</link><description>&lt;div class=&quot;field field-name-field-date field-type-datetime field-label-above;/div&gt;</description><dc:creator>royal</dc:creator><guid isPermaLink="false">13584 at 	https://mysmartdna.bupa.co.uk/hsf/video-st-to-liv-903.html	</guid></item>
<item><title> 	 watch gcbyv gfdg sfsd livesfsdgfd stream</title><link>	https://mysmartdna.bupa.co.uk/hsf/video-fr-va-liv-901.html	</link><description>&lt;div class=&quot;field field-name-field-date field-type-datetime field-label-above;/div&gt;</description><dc:creator>royal</dc:creator><guid isPermaLink="false">13584 at 	https://mysmartdna.bupa.co.uk/hsf/video-fr-va-liv-901.html	</guid></item>
<item><title> 	 watch gcbyv gfdg sfsd livesfsdgfd stream</title><link>	https://mysmartdna.bupa.co.uk/hsf/video-fr-va-liv-902.html	</link><description>&lt;div class=&quot;field field-name-field-date field-type-datetime field-label-above;/div&gt;</description><dc:creator>royal</dc:creator><guid isPermaLink="false">13584 at 	https://mysmartdna.bupa.co.uk/hsf/video-fr-va-liv-902.html	</guid></item>
<item><title> 	 watch gcbyv gfdg sfsd livesfsdgfd stream</title><link>	https://mysmartdna.bupa.co.uk/hsf/video-fr-va-liv-903.html	</link><description>&lt;div class=&quot;field field-name-field-date field-type-datetime field-label-above;/div&gt;</description><dc:creator>royal</dc:creator><guid isPermaLink="false">13584 at 	https://mysmartdna.bupa.co.uk/hsf/video-fr-va-liv-903.html	</guid></item>
<item><title> 	 watch gcbyv gfdg sfsd livesfsdgfd stream</title><link>	https://mysmartdna.bupa.co.uk/hsf/video-va-fr-liv-901.html	</link><description>&lt;div class=&quot;field field-name-field-date field-type-datetime field-label-above;/div&gt;</description><dc:creator>royal</dc:creator><guid isPermaLink="false">13584 at 	https://mysmartdna.bupa.co.uk/hsf/video-va-fr-liv-901.html	</guid></item>
<item><title> 	 watch gcbyv gfdg sfsd livesfsdgfd stream</title><link>	https://mysmartdna.bupa.co.uk/hsf/video-va-fr-liv-902.html	</link><description>&lt;div class=&quot;field field-name-field-date field-type-datetime field-label-above;/div&gt;</description><dc:creator>royal</dc:creator><guid isPermaLink="false">13584 at 	https://mysmartdna.bupa.co.uk/hsf/video-va-fr-liv-902.html	</guid></item>
<item><title> 	 watch gcbyv gfdg sfsd livesfsdgfd stream</title><link>	https://mysmartdna.bupa.co.uk/hsf/video-va-fr-liv-903.html	</link><description>&lt;div class=&quot;field field-name-field-date field-type-datetime field-label-above;/div&gt;</description><dc:creator>royal</dc:creator><guid isPermaLink="false">13584 at 	https://mysmartdna.bupa.co.uk/hsf/video-va-fr-liv-903.html	</guid></item>
</channel>
</rss>