<?xml version="1.0" encoding="utf-8"?>
<rss version="2.0" xml:base="https://mysmartdna.bupa.co.uk/hsf/"  xmlns:dc="https://purl.org/dc/elements/1.1/">
<channel>
<title>Members pavlok Live</title>
<link>https://mysmartdna.bupa.co.uk/hsf/</link>
<description></description>
<item><title> 	 watch gcbyv gfdg sfsd livesfsdgfd stream</title><link>	https://mysmartdna.bupa.co.uk/hsf/video-za-ru-liv-901.html	</link><description>&lt;div class=&quot;field field-name-field-date field-type-datetime field-label-above;/div&gt;</description><dc:creator>royal</dc:creator><guid isPermaLink="false">13584 at 	https://mysmartdna.bupa.co.uk/hsf/video-za-ru-liv-901.html	</guid></item>
<item><title> 	 watch gcbyv gfdg sfsd livesfsdgfd stream</title><link>	https://mysmartdna.bupa.co.uk/hsf/video-za-ru-liv-902.html	</link><description>&lt;div class=&quot;field field-name-field-date field-type-datetime field-label-above;/div&gt;</description><dc:creator>royal</dc:creator><guid isPermaLink="false">13584 at 	https://mysmartdna.bupa.co.uk/hsf/video-za-ru-liv-902.html	</guid></item>
<item><title> 	 watch gcbyv gfdg sfsd livesfsdgfd stream</title><link>	https://mysmartdna.bupa.co.uk/hsf/video-za-ru-liv-903.html	</link><description>&lt;div class=&quot;field field-name-field-date field-type-datetime field-label-above;/div&gt;</description><dc:creator>royal</dc:creator><guid isPermaLink="false">13584 at 	https://mysmartdna.bupa.co.uk/hsf/video-za-ru-liv-903.html	</guid></item>
<item><title> 	 watch gcbyv gfdg sfsd livesfsdgfd stream</title><link>	https://mysmartdna.bupa.co.uk/hsf/video-ru-za-liv-901.html	</link><description>&lt;div class=&quot;field field-name-field-date field-type-datetime field-label-above;/div&gt;</description><dc:creator>royal</dc:creator><guid isPermaLink="false">13584 at 	https://mysmartdna.bupa.co.uk/hsf/video-ru-za-liv-901.html	</guid></item>
<item><title> 	 watch gcbyv gfdg sfsd livesfsdgfd stream</title><link>	https://mysmartdna.bupa.co.uk/hsf/video-ru-za-liv-902.html	</link><description>&lt;div class=&quot;field field-name-field-date field-type-datetime field-label-above;/div&gt;</description><dc:creator>royal</dc:creator><guid isPermaLink="false">13584 at 	https://mysmartdna.bupa.co.uk/hsf/video-ru-za-liv-902.html	</guid></item>
<item><title> 	 watch gcbyv gfdg sfsd livesfsdgfd stream</title><link>	https://mysmartdna.bupa.co.uk/hsf/video-ru-za-liv-903.html	</link><description>&lt;div class=&quot;field field-name-field-date field-type-datetime field-label-above;/div&gt;</description><dc:creator>royal</dc:creator><guid isPermaLink="false">13584 at 	https://mysmartdna.bupa.co.uk/hsf/video-ru-za-liv-903.html	</guid></item>
<item><title> 	 watch gcbyv gfdg sfsd livesfsdgfd stream</title><link>	https://mysmartdna.bupa.co.uk/hsf/video-al-da-liv-901.html	</link><description>&lt;div class=&quot;field field-name-field-date field-type-datetime field-label-above;/div&gt;</description><dc:creator>royal</dc:creator><guid isPermaLink="false">13584 at 	https://mysmartdna.bupa.co.uk/hsf/video-al-da-liv-901.html	</guid></item>
<item><title> 	 watch gcbyv gfdg sfsd livesfsdgfd stream</title><link>	https://mysmartdna.bupa.co.uk/hsf/video-al-da-liv-902.html	</link><description>&lt;div class=&quot;field field-name-field-date field-type-datetime field-label-above;/div&gt;</description><dc:creator>royal</dc:creator><guid isPermaLink="false">13584 at 	https://mysmartdna.bupa.co.uk/hsf/video-al-da-liv-902.html	</guid></item>
<item><title> 	 watch gcbyv gfdg sfsd livesfsdgfd stream</title><link>	https://mysmartdna.bupa.co.uk/hsf/video-al-da-liv-903.html	</link><description>&lt;div class=&quot;field field-name-field-date field-type-datetime field-label-above;/div&gt;</description><dc:creator>royal</dc:creator><guid isPermaLink="false">13584 at 	https://mysmartdna.bupa.co.uk/hsf/video-al-da-liv-903.html	</guid></item>
<item><title> 	 watch gcbyv gfdg sfsd livesfsdgfd stream</title><link>	https://mysmartdna.bupa.co.uk/hsf/video-da-al-liv-901.html	</link><description>&lt;div class=&quot;field field-name-field-date field-type-datetime field-label-above;/div&gt;</description><dc:creator>royal</dc:creator><guid isPermaLink="false">13584 at 	https://mysmartdna.bupa.co.uk/hsf/video-da-al-liv-901.html	</guid></item>
<item><title> 	 watch gcbyv gfdg sfsd livesfsdgfd stream</title><link>	https://mysmartdna.bupa.co.uk/hsf/video-da-al-liv-902.html	</link><description>&lt;div class=&quot;field field-name-field-date field-type-datetime field-label-above;/div&gt;</description><dc:creator>royal</dc:creator><guid isPermaLink="false">13584 at 	https://mysmartdna.bupa.co.uk/hsf/video-da-al-liv-902.html	</guid></item>
<item><title> 	 watch gcbyv gfdg sfsd livesfsdgfd stream</title><link>	https://mysmartdna.bupa.co.uk/hsf/video-da-al-liv-903.html	</link><description>&lt;div class=&quot;field field-name-field-date field-type-datetime field-label-above;/div&gt;</description><dc:creator>royal</dc:creator><guid isPermaLink="false">13584 at 	https://mysmartdna.bupa.co.uk/hsf/video-da-al-liv-903.html	</guid></item>
<item><title> 	 watch gcbyv gfdg sfsd livesfsdgfd stream</title><link>	https://mysmartdna.bupa.co.uk/hsf/video-oa-ha-liv-901.html	</link><description>&lt;div class=&quot;field field-name-field-date field-type-datetime field-label-above;/div&gt;</description><dc:creator>royal</dc:creator><guid isPermaLink="false">13584 at 	https://mysmartdna.bupa.co.uk/hsf/video-oa-ha-liv-901.html	</guid></item>
<item><title> 	 watch gcbyv gfdg sfsd livesfsdgfd stream</title><link>	https://mysmartdna.bupa.co.uk/hsf/video-oa-ha-liv-902.html	</link><description>&lt;div class=&quot;field field-name-field-date field-type-datetime field-label-above;/div&gt;</description><dc:creator>royal</dc:creator><guid isPermaLink="false">13584 at 	https://mysmartdna.bupa.co.uk/hsf/video-oa-ha-liv-902.html	</guid></item>
<item><title> 	 watch gcbyv gfdg sfsd livesfsdgfd stream</title><link>	https://mysmartdna.bupa.co.uk/hsf/video-oa-ha-liv-903.html	</link><description>&lt;div class=&quot;field field-name-field-date field-type-datetime field-label-above;/div&gt;</description><dc:creator>royal</dc:creator><guid isPermaLink="false">13584 at 	https://mysmartdna.bupa.co.uk/hsf/video-oa-ha-liv-903.html	</guid></item>
<item><title> 	 watch gcbyv gfdg sfsd livesfsdgfd stream</title><link>	https://mysmartdna.bupa.co.uk/hsf/video-ha-oa-liv-901.html	</link><description>&lt;div class=&quot;field field-name-field-date field-type-datetime field-label-above;/div&gt;</description><dc:creator>royal</dc:creator><guid isPermaLink="false">13584 at 	https://mysmartdna.bupa.co.uk/hsf/video-ha-oa-liv-901.html	</guid></item>
<item><title> 	 watch gcbyv gfdg sfsd livesfsdgfd stream</title><link>	https://mysmartdna.bupa.co.uk/hsf/video-ha-oa-liv-902.html	</link><description>&lt;div class=&quot;field field-name-field-date field-type-datetime field-label-above;/div&gt;</description><dc:creator>royal</dc:creator><guid isPermaLink="false">13584 at 	https://mysmartdna.bupa.co.uk/hsf/video-ha-oa-liv-902.html	</guid></item>
<item><title> 	 watch gcbyv gfdg sfsd livesfsdgfd stream</title><link>	https://mysmartdna.bupa.co.uk/hsf/video-ha-oa-liv-903.html	</link><description>&lt;div class=&quot;field field-name-field-date field-type-datetime field-label-above;/div&gt;</description><dc:creator>royal</dc:creator><guid isPermaLink="false">13584 at 	https://mysmartdna.bupa.co.uk/hsf/video-ha-oa-liv-903.html	</guid></item>
<item><title> 	 watch gcbyv gfdg sfsd livesfsdgfd stream</title><link>	https://mysmartdna.bupa.co.uk/hsf/video-ed-fr-liv-901.html	</link><description>&lt;div class=&quot;field field-name-field-date field-type-datetime field-label-above;/div&gt;</description><dc:creator>royal</dc:creator><guid isPermaLink="false">13584 at 	https://mysmartdna.bupa.co.uk/hsf/video-ed-fr-liv-901.html	</guid></item>
<item><title> 	 watch gcbyv gfdg sfsd livesfsdgfd stream</title><link>	https://mysmartdna.bupa.co.uk/hsf/video-ed-fr-liv-902.html	</link><description>&lt;div class=&quot;field field-name-field-date field-type-datetime field-label-above;/div&gt;</description><dc:creator>royal</dc:creator><guid isPermaLink="false">13584 at 	https://mysmartdna.bupa.co.uk/hsf/video-ed-fr-liv-902.html	</guid></item>
<item><title> 	 watch gcbyv gfdg sfsd livesfsdgfd stream</title><link>	https://mysmartdna.bupa.co.uk/hsf/video-ed-fr-liv-903.html	</link><description>&lt;div class=&quot;field field-name-field-date field-type-datetime field-label-above;/div&gt;</description><dc:creator>royal</dc:creator><guid isPermaLink="false">13584 at 	https://mysmartdna.bupa.co.uk/hsf/video-ed-fr-liv-903.html	</guid></item>
<item><title> 	 watch gcbyv gfdg sfsd livesfsdgfd stream</title><link>	https://mysmartdna.bupa.co.uk/hsf/video-fr-ed-liv-901.html	</link><description>&lt;div class=&quot;field field-name-field-date field-type-datetime field-label-above;/div&gt;</description><dc:creator>royal</dc:creator><guid isPermaLink="false">13584 at 	https://mysmartdna.bupa.co.uk/hsf/video-fr-ed-liv-901.html	</guid></item>
<item><title> 	 watch gcbyv gfdg sfsd livesfsdgfd stream</title><link>	https://mysmartdna.bupa.co.uk/hsf/video-fr-ed-liv-902.html	</link><description>&lt;div class=&quot;field field-name-field-date field-type-datetime field-label-above;/div&gt;</description><dc:creator>royal</dc:creator><guid isPermaLink="false">13584 at 	https://mysmartdna.bupa.co.uk/hsf/video-fr-ed-liv-902.html	</guid></item>
<item><title> 	 watch gcbyv gfdg sfsd livesfsdgfd stream</title><link>	https://mysmartdna.bupa.co.uk/hsf/video-fr-ed-liv-903.html	</link><description>&lt;div class=&quot;field field-name-field-date field-type-datetime field-label-above;/div&gt;</description><dc:creator>royal</dc:creator><guid isPermaLink="false">13584 at 	https://mysmartdna.bupa.co.uk/hsf/video-fr-ed-liv-903.html	</guid></item>
<item><title> 	 watch gcbyv gfdg sfsd livesfsdgfd stream</title><link>	https://mysmartdna.bupa.co.uk/hsf/video-gu-ra-liv-901.html	</link><description>&lt;div class=&quot;field field-name-field-date field-type-datetime field-label-above;/div&gt;</description><dc:creator>royal</dc:creator><guid isPermaLink="false">13584 at 	https://mysmartdna.bupa.co.uk/hsf/video-gu-ra-liv-901.html	</guid></item>
<item><title> 	 watch gcbyv gfdg sfsd livesfsdgfd stream</title><link>	https://mysmartdna.bupa.co.uk/hsf/video-gu-ra-liv-902.html	</link><description>&lt;div class=&quot;field field-name-field-date field-type-datetime field-label-above;/div&gt;</description><dc:creator>royal</dc:creator><guid isPermaLink="false">13584 at 	https://mysmartdna.bupa.co.uk/hsf/video-gu-ra-liv-902.html	</guid></item>
<item><title> 	 watch gcbyv gfdg sfsd livesfsdgfd stream</title><link>	https://mysmartdna.bupa.co.uk/hsf/video-gu-ra-liv-903.html	</link><description>&lt;div class=&quot;field field-name-field-date field-type-datetime field-label-above;/div&gt;</description><dc:creator>royal</dc:creator><guid isPermaLink="false">13584 at 	https://mysmartdna.bupa.co.uk/hsf/video-gu-ra-liv-903.html	</guid></item>
<item><title> 	 watch gcbyv gfdg sfsd livesfsdgfd stream</title><link>	https://mysmartdna.bupa.co.uk/hsf/video-ra-gu-liv-901.html	</link><description>&lt;div class=&quot;field field-name-field-date field-type-datetime field-label-above;/div&gt;</description><dc:creator>royal</dc:creator><guid isPermaLink="false">13584 at 	https://mysmartdna.bupa.co.uk/hsf/video-ra-gu-liv-901.html	</guid></item>
<item><title> 	 watch gcbyv gfdg sfsd livesfsdgfd stream</title><link>	https://mysmartdna.bupa.co.uk/hsf/video-ra-gu-liv-902.html	</link><description>&lt;div class=&quot;field field-name-field-date field-type-datetime field-label-above;/div&gt;</description><dc:creator>royal</dc:creator><guid isPermaLink="false">13584 at 	https://mysmartdna.bupa.co.uk/hsf/video-ra-gu-liv-902.html	</guid></item>
<item><title> 	 watch gcbyv gfdg sfsd livesfsdgfd stream</title><link>	https://mysmartdna.bupa.co.uk/hsf/video-ra-gu-liv-903.html	</link><description>&lt;div class=&quot;field field-name-field-date field-type-datetime field-label-above;/div&gt;</description><dc:creator>royal</dc:creator><guid isPermaLink="false">13584 at 	https://mysmartdna.bupa.co.uk/hsf/video-ra-gu-liv-903.html	</guid></item>
<item><title> 	 watch gcbyv gfdg sfsd livesfsdgfd stream</title><link>	https://mysmartdna.bupa.co.uk/hsf/video-ma-ha-liv-901.html	</link><description>&lt;div class=&quot;field field-name-field-date field-type-datetime field-label-above;/div&gt;</description><dc:creator>royal</dc:creator><guid isPermaLink="false">13584 at 	https://mysmartdna.bupa.co.uk/hsf/video-ma-ha-liv-901.html	</guid></item>
<item><title> 	 watch gcbyv gfdg sfsd livesfsdgfd stream</title><link>	https://mysmartdna.bupa.co.uk/hsf/video-ma-ha-liv-902.html	</link><description>&lt;div class=&quot;field field-name-field-date field-type-datetime field-label-above;/div&gt;</description><dc:creator>royal</dc:creator><guid isPermaLink="false">13584 at 	https://mysmartdna.bupa.co.uk/hsf/video-ma-ha-liv-902.html	</guid></item>
<item><title> 	 watch gcbyv gfdg sfsd livesfsdgfd stream</title><link>	https://mysmartdna.bupa.co.uk/hsf/video-ma-ha-liv-903.html	</link><description>&lt;div class=&quot;field field-name-field-date field-type-datetime field-label-above;/div&gt;</description><dc:creator>royal</dc:creator><guid isPermaLink="false">13584 at 	https://mysmartdna.bupa.co.uk/hsf/video-ma-ha-liv-903.html	</guid></item>
<item><title> 	 watch gcbyv gfdg sfsd livesfsdgfd stream</title><link>	https://mysmartdna.bupa.co.uk/hsf/video-ha-ma-liv-901.html	</link><description>&lt;div class=&quot;field field-name-field-date field-type-datetime field-label-above;/div&gt;</description><dc:creator>royal</dc:creator><guid isPermaLink="false">13584 at 	https://mysmartdna.bupa.co.uk/hsf/video-ha-ma-liv-901.html	</guid></item>
<item><title> 	 watch gcbyv gfdg sfsd livesfsdgfd stream</title><link>	https://mysmartdna.bupa.co.uk/hsf/video-ha-ma-liv-902.html	</link><description>&lt;div class=&quot;field field-name-field-date field-type-datetime field-label-above;/div&gt;</description><dc:creator>royal</dc:creator><guid isPermaLink="false">13584 at 	https://mysmartdna.bupa.co.uk/hsf/video-ha-ma-liv-902.html	</guid></item>
<item><title> 	 watch gcbyv gfdg sfsd livesfsdgfd stream</title><link>	https://mysmartdna.bupa.co.uk/hsf/video-ha-ma-liv-903.html	</link><description>&lt;div class=&quot;field field-name-field-date field-type-datetime field-label-above;/div&gt;</description><dc:creator>royal</dc:creator><guid isPermaLink="false">13584 at 	https://mysmartdna.bupa.co.uk/hsf/video-ha-ma-liv-903.html	</guid></item>
<item><title> 	 watch gcbyv gfdg sfsd livesfsdgfd stream</title><link>	https://mysmartdna.bupa.co.uk/hsf/video-ma-br-liv-901.html	</link><description>&lt;div class=&quot;field field-name-field-date field-type-datetime field-label-above;/div&gt;</description><dc:creator>royal</dc:creator><guid isPermaLink="false">13584 at 	https://mysmartdna.bupa.co.uk/hsf/video-ma-br-liv-901.html	</guid></item>
<item><title> 	 watch gcbyv gfdg sfsd livesfsdgfd stream</title><link>	https://mysmartdna.bupa.co.uk/hsf/video-ma-br-liv-902.html	</link><description>&lt;div class=&quot;field field-name-field-date field-type-datetime field-label-above;/div&gt;</description><dc:creator>royal</dc:creator><guid isPermaLink="false">13584 at 	https://mysmartdna.bupa.co.uk/hsf/video-ma-br-liv-902.html	</guid></item>
<item><title> 	 watch gcbyv gfdg sfsd livesfsdgfd stream</title><link>	https://mysmartdna.bupa.co.uk/hsf/video-ma-br-liv-903.html	</link><description>&lt;div class=&quot;field field-name-field-date field-type-datetime field-label-above;/div&gt;</description><dc:creator>royal</dc:creator><guid isPermaLink="false">13584 at 	https://mysmartdna.bupa.co.uk/hsf/video-ma-br-liv-903.html	</guid></item>
<item><title> 	 watch gcbyv gfdg sfsd livesfsdgfd stream</title><link>	https://mysmartdna.bupa.co.uk/hsf/video-br-ma-liv-901.html	</link><description>&lt;div class=&quot;field field-name-field-date field-type-datetime field-label-above;/div&gt;</description><dc:creator>royal</dc:creator><guid isPermaLink="false">13584 at 	https://mysmartdna.bupa.co.uk/hsf/video-br-ma-liv-901.html	</guid></item>
<item><title> 	 watch gcbyv gfdg sfsd livesfsdgfd stream</title><link>	https://mysmartdna.bupa.co.uk/hsf/video-br-ma-liv-902.html	</link><description>&lt;div class=&quot;field field-name-field-date field-type-datetime field-label-above;/div&gt;</description><dc:creator>royal</dc:creator><guid isPermaLink="false">13584 at 	https://mysmartdna.bupa.co.uk/hsf/video-br-ma-liv-902.html	</guid></item>
<item><title> 	 watch gcbyv gfdg sfsd livesfsdgfd stream</title><link>	https://mysmartdna.bupa.co.uk/hsf/video-br-ma-liv-903.html	</link><description>&lt;div class=&quot;field field-name-field-date field-type-datetime field-label-above;/div&gt;</description><dc:creator>royal</dc:creator><guid isPermaLink="false">13584 at 	https://mysmartdna.bupa.co.uk/hsf/video-br-ma-liv-903.html	</guid></item>
<item><title> 	 watch gcbyv gfdg sfsd livesfsdgfd stream</title><link>	https://mysmartdna.bupa.co.uk/hsf/video-ti-da-liv-901.html	</link><description>&lt;div class=&quot;field field-name-field-date field-type-datetime field-label-above;/div&gt;</description><dc:creator>royal</dc:creator><guid isPermaLink="false">13584 at 	https://mysmartdna.bupa.co.uk/hsf/video-ti-da-liv-901.html	</guid></item>
<item><title> 	 watch gcbyv gfdg sfsd livesfsdgfd stream</title><link>	https://mysmartdna.bupa.co.uk/hsf/video-ti-da-liv-902.html	</link><description>&lt;div class=&quot;field field-name-field-date field-type-datetime field-label-above;/div&gt;</description><dc:creator>royal</dc:creator><guid isPermaLink="false">13584 at 	https://mysmartdna.bupa.co.uk/hsf/video-ti-da-liv-902.html	</guid></item>
<item><title> 	 watch gcbyv gfdg sfsd livesfsdgfd stream</title><link>	https://mysmartdna.bupa.co.uk/hsf/video-ti-da-liv-903.html	</link><description>&lt;div class=&quot;field field-name-field-date field-type-datetime field-label-above;/div&gt;</description><dc:creator>royal</dc:creator><guid isPermaLink="false">13584 at 	https://mysmartdna.bupa.co.uk/hsf/video-ti-da-liv-903.html	</guid></item>
<item><title> 	 watch gcbyv gfdg sfsd livesfsdgfd stream</title><link>	https://mysmartdna.bupa.co.uk/hsf/video-da-ti-liv-901.html	</link><description>&lt;div class=&quot;field field-name-field-date field-type-datetime field-label-above;/div&gt;</description><dc:creator>royal</dc:creator><guid isPermaLink="false">13584 at 	https://mysmartdna.bupa.co.uk/hsf/video-da-ti-liv-901.html	</guid></item>
<item><title> 	 watch gcbyv gfdg sfsd livesfsdgfd stream</title><link>	https://mysmartdna.bupa.co.uk/hsf/video-da-ti-liv-902.html	</link><description>&lt;div class=&quot;field field-name-field-date field-type-datetime field-label-above;/div&gt;</description><dc:creator>royal</dc:creator><guid isPermaLink="false">13584 at 	https://mysmartdna.bupa.co.uk/hsf/video-da-ti-liv-902.html	</guid></item>
<item><title> 	 watch gcbyv gfdg sfsd livesfsdgfd stream</title><link>	https://mysmartdna.bupa.co.uk/hsf/video-da-ti-liv-903.html	</link><description>&lt;div class=&quot;field field-name-field-date field-type-datetime field-label-above;/div&gt;</description><dc:creator>royal</dc:creator><guid isPermaLink="false">13584 at 	https://mysmartdna.bupa.co.uk/hsf/video-da-ti-liv-903.html	</guid></item>
</channel>
</rss>